Dockerfile	247	0f9108c31aa3382fd33fce1f96bd453b918a47a3c80b8e8a8957332224e05e1c
__init__.py	1531	88dbca6a76327ddb748c2dcf54773ed4b0593616c994e61125b703d5e9c78fbc
__pycache__/__init__.cpython-311.pyc	2257	afb76c6eff8fd410c14c8e8ad7fc2659e7d23885267629593eebb481974b9416
app.js	7695	19bdc8528d7a783acc48dedb47a7b25f9647ea565abca4d15c25c8193d5ff294
assets/animation_engine.py	1442	60925ee150bbfe447947293df567302efbf4a722e3ec0bf82c28131e2e15d326
assets/asset_optimizer.py	1656	10c40d0fdaaacc29db04fec2a23e8dde549789a296dfed3e47c41b8c519affa0
assets/frontend_cache.py	948	d7601c98b256dfe8d7b1f17cfbbed3facb1cd9a170cef008b342ca7761b93d96
assets2/__init__.py	0	e3b0c44298fc1c149afbf4c8996fb92427ae41e4649b934ca495991b7852b855
assets2/font_opt.py	938	9d88d8a7824a5934f47a57467b6b337ef9a36e454906f1ccf018b3f5d2acbc61
assets2/image_opt.py	1153	7cd0add06b2eb6c31ef093a33b5d95a7f73cbe7b41c0cc10d2797ee409b932f1
assets2/lazy_loading.py	1028	b12e305cd652234bb8f8bd3a0c0d6bec96ab5cdb9bd65e240989d1b8992b8a65
code/__init__.py	0	e3b0c44298fc1c149afbf4c8996fb92427ae41e4649b934ca495991b7852b855
code/code_splitting.py	1162	8df8e00982d06e08bf550d3e9b51edd948f4f7584d4377114e34c230a396e4e6
code/tree_shaking.py	919	eec27f12c955a844df71b5c1a1f63af96b1cab409dec894079961409ebb6bb1c
index.html	8277	feec1d2081979564dbd2ebad72042e6609cdccbee9b5176351bff4f35c650150
index_master_draggable.html	29223	d1a9dceda1a0248553083cac4dc49c5d008f0d57e6d8bcc7be74676582fdf8b4
index_master_universo.html	29223	d1a9dceda1a0248553083cac4dc49c5d008f0d57e6d8bcc7be74676582fdf8b4
index_sovereign_master.html	29223	d1a9dceda1a0248553083cac4dc49c5d008f0d57e6d8bcc7be74676582fdf8b4
metaverse_server.js	8180	b08449ae59c38cda84a4a3a50686dde90e31ec40b6b224dd0a1ba613390f9606
perf/perf_monitor.py	1965	d15b5c2c229a1ec5961729247a542b155514421c184f32f33e0ba493af9af444
perf2/__init__.py	0	e3b0c44298fc1c149afbf4c8996fb92427ae41e4649b934ca495991b7852b855
perf2/web_workers.py	1117	dd2d8cb00b982f889b72d6f2653a491af52c7ea4335cd8d958eb0f0db8ca0e5a
perf2/webassembly.py	851	0d92063e7be9dc66f00fdba8d53e85f91101e4df88707488bd0454a4fa91e3ab
render/__init__.py	0	e3b0c44298fc1c149afbf4c8996fb92427ae41e4649b934ca495991b7852b855
render/ssr_engine.py	869	4691a5d6ebf934133aaa20a7331fbd3d8a23126aac55c9a7696916ff72d68452
security/__init__.py	0	e3b0c44298fc1c149afbf4c8996fb92427ae41e4649b934ca495991b7852b855
security/security.py	892	4963030f219f3076dae4d4b0ebb7767c0b6070fb02b9a4d232ec3a0047348d71
server.py	886	f15a265376497f4024de25cb62559c51344e4ed1e992252fe45257ae98136852
shared/config.py	50	f4701876d29c549808bb9b1bf215c68ddfb3c3939269209f28ba9b4f77ef75cf
sw.js	560	1db0df9b1df7fe7fd601f9934bb99f26a6995108464be4731042229d80273df3
sw/sw_engine.py	2065	655daad8a508cc31ef8841fcc79149839deaa2c12a3df3ed25c2ec5d3b29ca10
sw/web_manifest.py	1060	ff05a92f52b33434c6007e78698c9a43b51d4e3c01090f9b1a29747a39fbc968
theme/theme_engine.py	2505	c52c71984dd49eef620a298344beedb7e9067ced2d4322075a20932e58ddd412
ui_tests.js	3059	a9bf015adf17643d6c04b3ed1ef440b7ad4a2b0d20e1a659ca16b387992b547d
ux/command_palette.py	2117	684e417a8d07c033f914af027f647e65b458e0ee0e7531c774625a0f49c962f8
ux/ux_enhancements.py	1437	b5ded0b39132732ee09b7d02a33d18075c7eab4216d966fdfb31e39266ce3797
ux2/__init__.py	0	e3b0c44298fc1c149afbf4c8996fb92427ae41e4649b934ca495991b7852b855
ux2/a11y.py	904	1f9d517eed7d24369ede9f959a322a58857aa50dd6193573c0ca1e768bc40075
ux2/analytics.py	951	ddb187c38751a98802095702680a40fa110dd88c7ec24ee26fc78be0d3dd6dfb
virtual/virtual_scroll.py	2402	1eed02554e3a51ee16b7d31096276bb19b0ebc0212a7843916880f051a3f2870
web/index.html	4007	5a2388f842cc6e4ad1aa088147e1c9117eb9d9113e1ad6ae87becd3d87c82df5
web_v2/__init__.py	0	e3b0c44298fc1c149afbf4c8996fb92427ae41e4649b934ca495991b7852b855
web_v2/edge_compute.py	868	0858a5fe1cb6e2e4b71e272e2e4a3a1161be00139f45bea903afe2bda337a81a
web_v2/http2.py	870	53ee6e089bb2401de8fe35d1f40652efa60794a7d96320a2ac1f7c588c29a87b
web_v2/index.html	3006	472270768ae74b8ab3a41c769ae231fbd6dc616bc839420c83446b66f7f9fbba
web_v2/resource_hints.py	908	b2621b11a02e2d0f8987e270e845a117e25c7b5690f30208d65e6d22d8f975ff
workspace.html	31116	e05182d2d76ec6bdfea37e84352e546cea29933d2278376a7065252b907bf64e
